loss,accuracy,recall,precision,f1
0.45293277236306745,85.6,0.8560000000000001,0.8601271491936263,0.8563543371061197
