loss,accuracy,recall,precision,f1
0.43615249871827994,86.14,0.8613999999999999,0.8615142766357217,0.8601930975776408
