loss,accuracy,recall,precision,f1
0.4575206378273144,85.5,0.8549999999999999,0.8568268664130334,0.8553090568130006
