loss,accuracy,recall,precision,f1
0.48084854177988257,85.18,0.8518000000000001,0.8548924132195783,0.8517179040924674
