loss,accuracy,recall,precision,f1
0.4432801910836226,86.17,0.8617000000000001,0.863729213878964,0.8616284753334342
