loss,accuracy,recall,precision,f1
0.5215514863182784,85.56,0.8556000000000001,0.8584771398568203,0.8559420714779
