loss,accuracy,recall,precision,f1
0.5179306066529766,86.04,0.8604,0.8632388106989926,0.8612545955079897
