loss,accuracy,recall,precision,f1
0.573819112625851,85.4,0.8540000000000001,0.8603125232869946,0.8549701287915094
