loss,accuracy,recall,precision,f1
0.5160234676804513,86.0,0.86,0.8649218115382012,0.8609718300317895
