loss,accuracy,recall,precision,f1
0.5327687402060077,84.84,0.8484,0.8482798191331525,0.846671322483932
