loss,accuracy,recall,precision,f1
0.54128592969126,84.84,0.8484,0.8491193457631676,0.847765278039567
