loss,accuracy,recall,precision,f1
0.43213898759738656,86.16,0.8615999999999999,0.8668259378987736,0.8621532941259555
