loss,accuracy,recall,precision,f1
0.4223151508789913,86.55,0.8655000000000002,0.8709648309797577,0.8656834420692038
