loss,accuracy,recall,precision,f1
0.415429114061556,86.19,0.8619,0.8634079022973904,0.8621690691761327
