loss,accuracy,recall,precision,f1
0.41404575512857195,86.39,0.8638999999999999,0.8668960509118518,0.8646607543005898
