loss,accuracy,recall,precision,f1
0.45362758812061543,86.49,0.8649000000000001,0.8639146828860603,0.8637833671828503
