loss,accuracy,recall,precision,f1
0.4831683844043191,85.92,0.8592000000000001,0.8611343288969419,0.8587434770531865
