loss,accuracy,recall,precision,f1
0.45478345605598136,86.18,0.8618,0.8625401338650128,0.8613455356000046
