loss,accuracy,recall,precision,f1
0.48081259714190366,84.7,0.8469999999999999,0.8537876942834653,0.8477035975646204
