loss,accuracy,recall,precision,f1
0.44737697150676875,85.24,0.8523999999999999,0.8563394497796581,0.8515072162069067
