loss,accuracy,recall,precision,f1
0.3910092141977541,86.43,0.8643000000000001,0.8669370824358303,0.8650769579852741
