loss,accuracy,recall,precision,f1
0.3916358130562837,86.64,0.8664,0.8668089516963475,0.8659588462642874
