loss,accuracy,recall,precision,f1
0.39340688772262283,87.33,0.8732999999999999,0.8765944346832681,0.873707626868163
