loss,accuracy,recall,precision,f1
0.3856559383451559,87.07,0.8706999999999999,0.873958299112893,0.8715060168495313
