loss,accuracy,recall,precision,f1
0.3767674888964671,87.15,0.8714999999999999,0.874946766563417,0.8726970476466833
