loss,accuracy,recall,precision,f1
0.3917879674844681,86.89,0.8689,0.8705910936203874,0.867896873939212
