loss,accuracy,recall,precision,f1
0.4350882242819306,86.25,0.8625,0.863134952971025,0.8620141960164354
