loss,accuracy,recall,precision,f1
0.46166922341866096,85.48,0.8548,0.8561273695282333,0.854763735504841
