loss,accuracy,recall,precision,f1
0.44616348562157077,85.64,0.8564,0.857968214453299,0.8564349229176604
