loss,accuracy,recall,precision,f1
0.46865815825902735,85.18,0.8517999999999999,0.8554702501017074,0.8521764822648633
