loss,accuracy,recall,precision,f1
0.45694727170619237,85.58,0.8558,0.8559663138601439,0.8547622099072709
