loss,accuracy,recall,precision,f1
0.4532087468037939,85.6,0.8560000000000001,0.856666331563603,0.8555684553420319
