loss,accuracy,recall,precision,f1
0.4628074093704011,86.11,0.8611000000000001,0.8638353629248183,0.8620517199516134
