loss,accuracy,recall,precision,f1
0.45570616912879763,85.82,0.8582000000000001,0.8596231975952842,0.8584309794108268
