loss,accuracy,recall,precision,f1
0.5015715362539717,86.45,0.8645000000000002,0.8655734627025536,0.8636394486076788
