loss,accuracy,recall,precision,f1
0.4843200755062377,86.18,0.8618,0.8635666921008243,0.8619598071717303
