loss,accuracy,recall,precision,f1
0.6069191207361829,83.7,0.837,0.8428293093916208,0.837340842306862
