loss,accuracy,recall,precision,f1
0.6110091830609711,84.72,0.8472,0.8474395596446691,0.8466756627882042
