loss,accuracy,recall,precision,f1
0.43613723798352444,86.41,0.8641,0.8653187153995539,0.8640369020224761
