loss,accuracy,recall,precision,f1
0.45344770732958606,85.09,0.8509,0.8534953824314636,0.8501392902296535
