loss,accuracy,recall,precision,f1
0.420603139551392,86.36,0.8635999999999999,0.8677125367965004,0.864529199219724
