loss,accuracy,recall,precision,f1
0.38665629035917815,87.58,0.8758000000000001,0.8752617958382833,0.8751129842240429
