loss,accuracy,recall,precision,f1
0.41551119003705916,86.56,0.8656,0.8705715886835291,0.8655651311306546
