loss,accuracy,recall,precision,f1
0.4013121408546806,87.07,0.8706999999999999,0.8728496111482936,0.8710134184758342
