loss,accuracy,recall,precision,f1
0.4063341255495503,86.99,0.8699,0.8728245029644006,0.8697908479725964
