loss,accuracy,recall,precision,f1
0.4032657201028174,87.04,0.8704000000000001,0.8712945880795953,0.8699370293032608
