loss,accuracy,recall,precision,f1
0.40272419989868335,86.95,0.8695,0.870878227002134,0.8685516410513225
