loss,accuracy,recall,precision,f1
0.39295668297322695,87.06,0.8705999999999999,0.8717061394443073,0.8707471034043909
