loss,accuracy,recall,precision,f1
0.623332887033748,84.68,0.8468,0.8491163674252983,0.8473063686804203
