loss,accuracy,recall,precision,f1
0.6482842852165744,84.2,0.842,0.8468499548738798,0.8432250234472086
