loss,accuracy,recall,precision,f1
0.6534622969331255,83.92,0.8392000000000002,0.8397511495791405,0.8374173366577511
