loss,accuracy,recall,precision,f1
0.6333878143767643,84.45,0.8445,0.8486394355157026,0.8451317008280512
