loss,accuracy,recall,precision,f1
0.5592134119408905,84.93,0.8493,0.8507263605294213,0.8476498835194499
