loss,accuracy,recall,precision,f1
0.641776806419822,84.33,0.8432999999999999,0.846624082072337,0.8427423312277126
