loss,accuracy,recall,precision,f1
0.5728870868493038,84.75,0.8474999999999999,0.8502874201342843,0.84731673289998
