loss,accuracy,recall,precision,f1
0.59388243430739,84.5,0.845,0.8459485151197089,0.84398113434575
