loss,accuracy,recall,precision,f1
0.5448122456859631,85.16,0.8516,0.8529189929192691,0.8508028882744538
