loss,accuracy,recall,precision,f1
0.6385452720295092,83.85,0.8385,0.8412945940411121,0.838695508974965
