loss,accuracy,recall,precision,f1
0.6374855145906947,84.03,0.8402999999999998,0.8416602383682446,0.8395511622664324
