loss,accuracy,recall,precision,f1
0.6567509423965102,84.42,0.8442000000000001,0.8464886008254202,0.8426018579745553
