loss,accuracy,recall,precision,f1
0.5977693415561299,84.3,0.843,0.8469741655951774,0.843218950766184
