loss,accuracy,recall,precision,f1
0.6118388796213327,84.47,0.8447000000000001,0.8467902169872353,0.8431191976016057
