loss,accuracy,recall,precision,f1
0.640046332292496,84.28,0.8427999999999999,0.8518342001526268,0.8440880096588032
