loss,accuracy,recall,precision,f1
0.653252050280571,83.79,0.8379,0.8387095687042981,0.8365711161400602
