loss,accuracy,recall,precision,f1
0.6115653979930149,84.31,0.8431000000000001,0.8458584584730353,0.8437984221246972
