loss,accuracy,recall,precision,f1
0.40304080539258424,86.39,0.8638999999999999,0.8652179340558828,0.8639451934680903
