loss,accuracy,recall,precision,f1
0.41989794848071543,86.48,0.8648,0.8664828541189891,0.8639008458992166
