loss,accuracy,recall,precision,f1
0.38907809133172794,86.55,0.8655000000000002,0.8679329701063645,0.8660216671750336
