loss,accuracy,recall,precision,f1
0.37086377307108254,87.53,0.8753,0.8767666004929694,0.8754136119284922
