loss,accuracy,recall,precision,f1
0.37183340197535836,87.63,0.8762999999999999,0.8763508521468818,0.8754596637161507
