loss,accuracy,recall,precision,f1
0.4075101853176287,86.51,0.8651000000000002,0.8648686247687511,0.8635710433578587
