loss,accuracy,recall,precision,f1
0.607818726995948,83.83,0.8382999999999999,0.8368084706679115,0.8369107478309458
