loss,accuracy,recall,precision,f1
0.6559833571030076,84.41,0.8441000000000001,0.8475120343594555,0.844284284833606
