loss,accuracy,recall,precision,f1
0.6068415237460166,84.5,0.845,0.8466812931399563,0.8451684828963378
