loss,accuracy,recall,precision,f1
0.6617416878035114,83.98,0.8398,0.8390609604915944,0.8386606675171144
