loss,accuracy,recall,precision,f1
0.6247989777356956,84.76,0.8475999999999999,0.8498255278641992,0.8477000593172386
