loss,accuracy,recall,precision,f1
0.5434303116646542,84.74,0.8474,0.8480992733098855,0.8466482299648398
