loss,accuracy,recall,precision,f1
0.6224642337127856,84.2,0.842,0.8432095134968846,0.8421962999497286
