loss,accuracy,recall,precision,f1
0.6041897074052482,84.98,0.8497999999999999,0.8543278650707296,0.8511698141413969
