loss,accuracy,recall,precision,f1
0.6517546910579037,83.81,0.8381000000000001,0.8435855882393473,0.8379913865912039
