loss,accuracy,recall,precision,f1
0.5997276488857665,84.45,0.8445,0.8456064501227047,0.844335892165296
