loss,accuracy,recall,precision,f1
0.37739954267148,87.47,0.8747,0.8761710366458366,0.8745015589823135
