loss,accuracy,recall,precision,f1
0.4061974477805909,86.45,0.8644999999999999,0.8656924501154499,0.8639126589553101
