loss,accuracy,recall,precision,f1
0.41301644688389105,86.23,0.8623,0.8641580147048256,0.862783679462949
