loss,accuracy,recall,precision,f1
0.3843009914419833,87.22,0.8722,0.8752442699082377,0.8728156371484268
