loss,accuracy,recall,precision,f1
0.37602410138033,87.61,0.8761000000000001,0.8760775797662788,0.8757237950170615
