loss,accuracy,recall,precision,f1
0.45119887058901936,86.63,0.8663000000000001,0.8659756392696506,0.8656148019022106
