loss,accuracy,recall,precision,f1
0.5142630077661223,85.7,0.857,0.8595670045753836,0.8555907135344464
