loss,accuracy,recall,precision,f1
0.5261319073711991,85.22,0.8522000000000001,0.8571044991448129,0.8518425870384577
