loss,accuracy,recall,precision,f1
0.5001851964243658,86.03,0.8603,0.8628426896531813,0.8595502327446514
