loss,accuracy,recall,precision,f1
0.4773902222039593,86.0,0.86,0.8603214204446624,0.8591443432725436
