loss,accuracy,recall,precision,f1
0.5507085769419457,86.06,0.8606,0.8617790773609002,0.8596439165331773
