loss,accuracy,recall,precision,f1
0.6410630686078101,84.4,0.844,0.8506123328800801,0.8443131870871422
