loss,accuracy,recall,precision,f1
0.5676612151656181,84.57,0.8457000000000001,0.8586971149240057,0.8472589667903403
