loss,accuracy,recall,precision,f1
0.6054281244042573,84.3,0.843,0.8481771634940827,0.8440702110802283
