loss,accuracy,recall,precision,f1
0.5845157176635827,85.2,0.852,0.856787873145293,0.8523153464176814
