loss,accuracy,recall,precision,f1
0.42121992805960834,85.79,0.8579000000000001,0.860140750702983,0.8577508415829342
