loss,accuracy,recall,precision,f1
0.46434964230106135,84.7,0.8469999999999999,0.8566930947588594,0.8493469436153683
