loss,accuracy,recall,precision,f1
0.4288493938696612,85.9,0.859,0.8619561884572716,0.8586274812509149
