loss,accuracy,recall,precision,f1
0.44195618845854595,85.41,0.8540999999999999,0.8560105986273155,0.8526016407507008
