loss,accuracy,recall,precision,f1
0.4291781228818711,85.52,0.8552,0.8581820046266154,0.8546923017256626
