loss,accuracy,recall,precision,f1
0.4496358146618126,85.04,0.8503999999999999,0.8544920865880228,0.8505032304374096
