loss,accuracy,recall,precision,f1
0.43430308342739277,85.23,0.8523,0.8566936632872528,0.8519046685332181
