loss,accuracy,recall,precision,f1
0.4374198632635129,85.48,0.8548,0.8573328951870994,0.8541722779033764
