loss,accuracy,recall,precision,f1
0.4896185050724418,84.86,0.8485999999999999,0.8472144639882325,0.8472294027585029
