loss,accuracy,recall,precision,f1
0.4832930384547847,85.82,0.8582000000000001,0.857376407410222,0.8575044646230507
