loss,accuracy,recall,precision,f1
0.490613262222451,84.94,0.8494000000000002,0.854918794826734,0.8501610799009368
