loss,accuracy,recall,precision,f1
0.514629735024112,85.76,0.8576,0.860454313011294,0.8572270995485987
