loss,accuracy,recall,precision,f1
0.5051336298417893,85.53,0.8553,0.8567192641135343,0.8553085971524567
