loss,accuracy,recall,precision,f1
0.6143719658350489,84.07,0.8407,0.8465837729436458,0.842041603341014
