loss,accuracy,recall,precision,f1
0.544379090475049,84.25,0.8424999999999999,0.8455388725751739,0.8435718818279021
