loss,accuracy,recall,precision,f1
0.6237234303336234,84.19,0.8419000000000001,0.8448305909702671,0.8412078631286898
