loss,accuracy,recall,precision,f1
0.6471668115467023,83.72,0.8372000000000002,0.8371383935498,0.8358107221158868
