loss,accuracy,recall,precision,f1
0.5968798517611376,84.26,0.8426,0.8437069333336579,0.8418359770174094
