loss,accuracy,recall,precision,f1
0.6008196518679333,83.48,0.8347999999999999,0.836413559828378,0.8349936410869978
