loss,accuracy,recall,precision,f1
0.6485005140684212,82.22,0.8095238095238095,0.7738095238095237,0.7795918367346938
