loss,accuracy,recall,precision,f1
0.644382202131733,83.18,0.6666666666666666,0.6770833333333333,0.6571428571428571
