loss,accuracy,recall,precision,f1
0.5652068795482065,83.32,0.6666666666666666,0.6875,0.6517857142857143
