loss,accuracy,recall,precision,f1
0.454383911031067,85.7,0.857,0.859608623929718,0.8572337306026233
