loss,accuracy,recall,precision,f1
0.45195200370185695,85.64,0.8564,0.856975443381429,0.8556055292103476
