loss,accuracy,recall,precision,f1
0.4370178039286547,86.36,0.8635999999999999,0.8642220483080498,0.862675533763894
