loss,accuracy,recall,precision,f1
0.4023096661089332,86.63,0.8663000000000001,0.8667406539005155,0.8661559759253725
