loss,accuracy,recall,precision,f1
0.44447658524201933,85.79,0.8579000000000001,0.8592863831211801,0.8567802615788123
