loss,accuracy,recall,precision,f1
0.4614484180120905,85.47,0.8547,0.8577301974602733,0.8544437817727502
