loss,accuracy,recall,precision,f1
0.38507804132191237,87.54,0.8754000000000002,0.8752608242488975,0.8749356619289319
