loss,accuracy,recall,precision,f1
0.3794766773653638,87.15,0.8714999999999999,0.8715106771897861,0.8707607105444595
