loss,accuracy,recall,precision,f1
0.4015992850444879,86.63,0.8663000000000001,0.8667160445611227,0.8660240869381722
