loss,accuracy,recall,precision,f1
0.37998035588082235,87.35,0.8734999999999999,0.8736513082900073,0.8731933104099492
