loss,accuracy,recall,precision,f1
0.39766242620861453,86.78,0.8678000000000001,0.8688412545451776,0.8669734930954883
