loss,accuracy,recall,precision,f1
0.40888908742719393,86.99,0.8699,0.8716572048834058,0.8694521550514958
