loss,accuracy,recall,precision,f1
0.5736759040196231,84.37,0.8437000000000001,0.8473400215256677,0.8444523243420298
