loss,accuracy,recall,precision,f1
0.5531615445473391,85.35,0.8535,0.8556312594725025,0.8529805603146656
