loss,accuracy,recall,precision,f1
0.4866180966139599,85.96,0.8596,0.8607827248406874,0.8595768365648183
