loss,accuracy,recall,precision,f1
0.5709038336470629,85.66,0.8565999999999999,0.8576032212928155,0.8544913612554742
