loss,accuracy,recall,precision,f1
0.5438702516495042,84.72,0.8472,0.8532408342353376,0.8486410380976374
