loss,accuracy,recall,precision,f1
0.5981919856113234,84.84,0.8483999999999998,0.8501648299042837,0.847519340315508
