loss,accuracy,recall,precision,f1
0.4060149162438265,86.15,0.8615,0.8630877574973119,0.8617422976826733
