loss,accuracy,recall,precision,f1
0.39414987366670257,86.88,0.8688,0.8705069855806243,0.8683778809067624
