loss,accuracy,recall,precision,f1
0.4202675511882563,85.76,0.8576,0.8642183986821342,0.858363799329822
