loss,accuracy,recall,precision,f1
0.3928451931021016,86.82,0.8682000000000001,0.8700732795350878,0.8680664562798572
