loss,accuracy,recall,precision,f1
0.4852030173798276,83.97,0.8397,0.8440511221199756,0.8394650068443802
