loss,accuracy,recall,precision,f1
0.4849460861485475,83.48,0.8347999999999999,0.8388050409051282,0.8350775280440818
