loss,accuracy,recall,precision,f1
0.4830841599566162,83.6,0.836,0.8393639053826927,0.835490723555318
