loss,accuracy,recall,precision,f1
0.47707656965513895,84.37,0.8436999999999999,0.8437017831977951,0.8417524807010711
