loss,accuracy,recall,precision,f1
0.4578844964219506,85.46,0.8546000000000001,0.861684129734859,0.8558956061401636
