loss,accuracy,recall,precision,f1
0.4224339354379921,86.44,0.8644000000000001,0.8649031906892924,0.8639443472419146
