loss,accuracy,recall,precision,f1
0.4147157306978657,87.01,0.8701000000000001,0.8701829086146052,0.8691605245845191
