loss,accuracy,recall,precision,f1
0.4175149897101578,86.71,0.8671000000000001,0.8673707359777104,0.8670076576519798
