loss,accuracy,recall,precision,f1
0.4628583097913463,84.97,0.8497,0.8531340063411659,0.8487512413767002
