loss,accuracy,recall,precision,f1
0.4338027874755252,85.58,0.8558,0.8568631541314063,0.8554960609689621
