loss,accuracy,recall,precision,f1
0.42187897547794756,85.67,0.8567,0.8576440529836094,0.855446567532824
