loss,accuracy,recall,precision,f1
0.4602012184395152,85.48,0.8548,0.8590002600904642,0.8532804927374613
