loss,accuracy,recall,precision,f1
0.4392565020899864,85.72,0.8572,0.8587536650729884,0.8569821790897285
