loss,accuracy,recall,precision,f1
0.4196540761715288,85.98,0.8598000000000001,0.8611026809970909,0.8599787450241998
