loss,accuracy,recall,precision,f1
0.524178929389662,84.47,0.8447000000000001,0.8479506009515188,0.8455550437339019
