loss,accuracy,recall,precision,f1
0.6421372435844628,84.17,0.8417,0.8438850355424424,0.8411654017070418
