loss,accuracy,recall,precision,f1
0.5557990514548721,84.21,0.8421000000000001,0.8455029561338441,0.8427512288500223
