loss,accuracy,recall,precision,f1
0.644544488210587,83.85,0.8385000000000001,0.8393635802503765,0.8376470483714262
