loss,accuracy,recall,precision,f1
0.6488673057715604,84.17,0.8417,0.8443436272490944,0.8407940633314668
