loss,accuracy,recall,precision,f1
0.6471765076468705,83.76,0.8375999999999999,0.840292127304013,0.8364630572940346
