loss,accuracy,recall,precision,f1
0.6291552666740813,84.34,0.8433999999999999,0.8448497328307315,0.8425312491502532
