loss,accuracy,recall,precision,f1
0.6250992446758186,84.52,0.8452,0.8537388429296705,0.8463132147597774
