loss,accuracy,recall,precision,f1
0.5751262931687058,84.69,0.8469,0.848440607571829,0.8466551262273819
