loss,accuracy,recall,precision,f1
0.5564406311530976,84.32,0.8432000000000001,0.8458520427641061,0.843148307127286
