loss,accuracy,recall,precision,f1
0.6375730793187573,83.82,0.8382,0.8390191635009291,0.8379413872666192
