loss,accuracy,recall,precision,f1
0.5778552435196129,84.42,0.8442000000000001,0.8487010573541035,0.8450109294943978
