loss,accuracy,recall,precision,f1
0.598909996687227,84.88,0.8488,0.8499105392675699,0.8485977901157
