loss,accuracy,recall,precision,f1
0.5864757422808629,84.38,0.8438000000000001,0.8460673686292546,0.8435302886845758
