loss,accuracy,recall,precision,f1
0.6196362204422616,83.87,0.8387,0.8399193398300184,0.8379297408419548
