loss,accuracy,recall,precision,f1
0.4858710475882907,85.44,0.8544,0.8559630881979243,0.8539617321597122
