loss,accuracy,recall,precision,f1
0.49737011911762746,86.22,0.8622,0.8626498238719972,0.8615180445135241
