loss,accuracy,recall,precision,f1
0.4605404063110139,86.34,0.8633999999999998,0.8653048883654482,0.8639798717279081
