loss,accuracy,recall,precision,f1
0.483207867783346,85.71,0.8571,0.8574508138116064,0.8560083859303713
