loss,accuracy,recall,precision,f1
0.5061174250522237,85.34,0.8533999999999999,0.853721140064272,0.852590333103645
