loss,accuracy,recall,precision,f1
0.6270602578949777,84.45,0.8445,0.8470573193035362,0.8445573838799522
