loss,accuracy,recall,precision,f1
0.5938518920521827,85.09,0.8509,0.8523921189787282,0.8508446323481957
