loss,accuracy,recall,precision,f1
0.572717581395131,85.2,0.852,0.8531421852431134,0.8518852394552674
