loss,accuracy,recall,precision,f1
0.5833468180932816,84.81,0.8481,0.8496073832637177,0.8474549477504748
