loss,accuracy,recall,precision,f1
0.4027341333734002,86.48,0.8648,0.867610312834153,0.8648539993646189
