loss,accuracy,recall,precision,f1
0.40702284962698154,86.5,0.865,0.8690611091432968,0.8652237039032459
