loss,accuracy,recall,precision,f1
0.4207934377489576,85.93,0.8593,0.8631715544115373,0.8582534368126395
