loss,accuracy,recall,precision,f1
0.4351426016563063,85.73,0.8573000000000001,0.8639053150678457,0.857146051812143
