loss,accuracy,recall,precision,f1
0.4014269403970925,86.38,0.8638000000000001,0.8639981651099605,0.862903144401329
