loss,accuracy,recall,precision,f1
0.42503448181850895,85.24,0.8524,0.8573815877266989,0.8531300793787471
