loss,accuracy,recall,precision,f1
0.45891193969614186,84.13,0.8413,0.8488372308259875,0.8385941427367193
