loss,accuracy,recall,precision,f1
0.5344385555025878,85.59,0.8558999999999999,0.8577999650433279,0.8542306667207565
