loss,accuracy,recall,precision,f1
0.49675054971579535,85.53,0.8553000000000001,0.8591538801516952,0.8541686983133563
