loss,accuracy,recall,precision,f1
0.4967991706861812,86.31,0.8631,0.8642136213206733,0.8622794074248716
