loss,accuracy,recall,precision,f1
0.6309067654381891,84.27,0.8427,0.8492537678234559,0.8440534153596279
