loss,accuracy,recall,precision,f1
0.5490445828266964,84.71,0.8471,0.8478782155662659,0.847057293364179
