loss,accuracy,recall,precision,f1
0.468210853493897,85.62,0.8562000000000001,0.8575627262170835,0.8558378629454344
