loss,accuracy,recall,precision,f1
0.47815698242870863,86.15,0.8615,0.8653993640913177,0.8625428266868882
