loss,accuracy,recall,precision,f1
0.45249485390581146,86.15,0.8615,0.862293135524441,0.8608591866096743
