loss,accuracy,recall,precision,f1
0.4853589971354053,85.78,0.8577999999999999,0.8586606857584433,0.8572206788237235
