loss,accuracy,recall,precision,f1
0.48931098923941324,85.92,0.8591999999999999,0.8602723869063009,0.8576124892699115
