loss,accuracy,recall,precision,f1
0.47506017897539077,85.5,0.8550000000000001,0.8570949711823435,0.8553875543332493
