loss,accuracy,recall,precision,f1
0.4600528478147877,86.28,0.8628,0.8633012992570525,0.8622972454480173
