loss,accuracy,recall,precision,f1
0.5029842911916933,86.18,0.8618,0.8634767707530877,0.8623253167188629
