loss,accuracy,recall,precision,f1
0.48565627814857826,86.0,0.86,0.861544913543676,0.8591189312325014
