loss,accuracy,recall,precision,f1
0.45208510827676507,87.25,0.8724999999999999,0.8731561569359888,0.8724717211094927
