loss,accuracy,recall,precision,f1
0.5051554333727071,85.36,0.8535999999999999,0.854244071082346,0.8533646327503581
