loss,accuracy,recall,precision,f1
0.49649048055622985,85.93,0.8593,0.8620549331025176,0.8593834923746819
