loss,accuracy,recall,precision,f1
0.4487728451847271,85.49,0.8549,0.8575850489534357,0.853486234963904
