loss,accuracy,recall,precision,f1
0.4284834603595126,86.14,0.8613999999999999,0.863977055942523,0.8612666376505203
