loss,accuracy,recall,precision,f1
0.4321138441183005,86.43,0.8642999999999998,0.8636635821131217,0.8631464784805324
