loss,accuracy,recall,precision,f1
0.42993426939864066,85.99,0.8599,0.8606271802707232,0.8583450856448203
