loss,accuracy,recall,precision,f1
0.41565283743818854,86.86,0.8686,0.8688818039800683,0.8679650361557323
