loss,accuracy,recall,precision,f1
0.4312472414628715,86.01,0.8601000000000001,0.8617149658206709,0.8598787663532867
