loss,accuracy,recall,precision,f1
0.44179083606240094,84.93,0.8493,0.8498037055229304,0.8470650693471159
