loss,accuracy,recall,precision,f1
0.41943341673939094,86.19,0.8619,0.8636556374948933,0.8613844531574472
