loss,accuracy,recall,precision,f1
0.4139620908506357,86.38,0.8638,0.864968446008046,0.8626227946605581
