loss,accuracy,recall,precision,f1
2.1609643804039926,16.35,0.1111111111111111,0.022222222222222223,0.03703703703703704
