loss,accuracy,recall,precision,f1
2.3025993602291033,10.0,0.1111111111111111,0.020833333333333332,0.03508771929824561
