loss,accuracy,recall,precision,f1
0.5286151529260122,85.52,0.8552000000000002,0.857079863569474,0.8547899173279596
