loss,accuracy,recall,precision,f1
0.4406895843945491,85.79,0.8578999999999999,0.8580911393467255,0.8572931584881284
