loss,accuracy,recall,precision,f1
0.4807588560566021,85.53,0.8553000000000001,0.8543449511470825,0.8541270327664346
