loss,accuracy,recall,precision,f1
0.45572192302555037,85.69,0.8569000000000001,0.8573720320114513,0.8556229294834488
