loss,accuracy,recall,precision,f1
0.5169189519183651,85.55,0.8554999999999999,0.8569178091275174,0.8546182769202548
