loss,accuracy,recall,precision,f1
0.5044459147248298,85.48,0.8548,0.8628836267821065,0.8567969970306498
