loss,accuracy,recall,precision,f1
0.44188365833774496,85.9,0.859,0.8629163416739905,0.8591426422974212
