loss,accuracy,recall,precision,f1
0.4511699840711181,85.94,0.8593999999999999,0.8651192333428286,0.8591124285534899
