loss,accuracy,recall,precision,f1
0.44411224639339814,85.79,0.8578999999999999,0.8586145137374965,0.8572776443177916
