loss,accuracy,recall,precision,f1
0.41560632412790494,86.83,0.8683,0.8682528962430445,0.8672510903618639
