loss,accuracy,recall,precision,f1
0.5975817517869791,84.35,0.8435,0.8472655128933608,0.8436138865530124
