loss,accuracy,recall,precision,f1
0.606031972986118,85.06,0.8506,0.8532439928547009,0.8502895079957211
