loss,accuracy,recall,precision,f1
0.5860355189841264,85.02,0.8502000000000001,0.8524576051239128,0.8503253477065502
