loss,accuracy,recall,precision,f1
0.5950837048945153,84.92,0.8492000000000001,0.8515799123541363,0.8491114964501347
