loss,accuracy,recall,precision,f1
0.5837586649521521,84.85,0.8484999999999999,0.8514964529530907,0.8493238374490687
