loss,accuracy,recall,precision,f1
0.6267661982850664,84.26,0.8426,0.8457460517362925,0.8435222468238874
