loss,accuracy,recall,precision,f1
0.6701136650932822,84.39,0.8439,0.8479893312829703,0.843179196457462
