loss,accuracy,recall,precision,f1
0.49954999299945346,86.53,0.8653000000000001,0.8680317211403995,0.8654259062926674
