loss,accuracy,recall,precision,f1
0.5202491848142283,86.15,0.8615,0.8666001742175531,0.8621510036148099
