loss,accuracy,recall,precision,f1
0.486674683441402,85.68,0.8568,0.8569075470468972,0.855449073407501
