loss,accuracy,recall,precision,f1
0.5107039788820941,85.7,0.857,0.8596945817208637,0.8572408167566865
