loss,accuracy,recall,precision,f1
0.5088183029442076,85.44,0.8544,0.8547194429878398,0.8534625713483412
