loss,accuracy,recall,precision,f1
0.6816052770728518,83.9,0.8389999999999999,0.8430337360736481,0.838388136854736
