loss,accuracy,recall,precision,f1
0.5356783683702444,83.88,0.8388,0.8411942187880186,0.8391829905616875
