loss,accuracy,recall,precision,f1
0.632620219686988,84.12,0.8412,0.8462231033957279,0.841224437093865
