loss,accuracy,recall,precision,f1
0.5902062803032292,84.15,0.8415000000000001,0.8480089907965874,0.8426597109660937
