loss,accuracy,recall,precision,f1
0.5876748774461685,83.95,0.8394999999999999,0.8398388784533841,0.8382740030707169
