loss,accuracy,recall,precision,f1
0.5998854842155602,84.45,0.8445,0.8461502543802262,0.843285013136329
