loss,accuracy,recall,precision,f1
0.6318865867367216,84.11,0.8411000000000002,0.8444666179044542,0.8408074474488163
