loss,accuracy,recall,precision,f1
0.4943426891117339,83.83,0.8382999999999999,0.8442246832847878,0.8392842229640104
