loss,accuracy,recall,precision,f1
0.46814418522415646,84.2,0.842,0.845489971461401,0.8419794067066831
