loss,accuracy,recall,precision,f1
0.5150948757198965,83.27,0.8327,0.840401204404244,0.8341156503183151
