loss,accuracy,recall,precision,f1
0.6239261021659632,84.12,0.8412,0.8468556364642827,0.8420544152614591
