loss,accuracy,recall,precision,f1
0.7001456359199657,83.56,0.8356,0.8407773850169971,0.8366649326461092
