loss,accuracy,recall,precision,f1
0.4526028388245091,85.41,0.8541000000000001,0.8571858526547679,0.8540986481523218
