loss,accuracy,recall,precision,f1
0.4340097724821917,84.97,0.8497,0.8513348952620063,0.8494365205142133
