loss,accuracy,recall,precision,f1
0.5768968807948622,84.9,0.849,0.8504166836238507,0.8486438549163304
