loss,accuracy,recall,precision,f1
0.507506341501406,84.88,0.8488000000000001,0.8507637240031084,0.8489136513395543
