loss,accuracy,recall,precision,f1
0.6038572882201262,85.05,0.8505,0.8512953372099702,0.8503188919689068
