loss,accuracy,recall,precision,f1
0.603424169645188,84.69,0.8469,0.8471861043442738,0.8468018902157286
