loss,accuracy,recall,precision,f1
0.6065032893115547,84.34,0.8434000000000001,0.8463151918783748,0.8430297856887705
