loss,accuracy,recall,precision,f1
0.467463130688971,83.81,0.8381000000000001,0.8447319207952539,0.8341130432223262
