loss,accuracy,recall,precision,f1
0.43295867399425264,85.09,0.8509,0.8555446676724194,0.8519538272754754
