loss,accuracy,recall,precision,f1
0.6160913914631886,83.42,0.8341999999999998,0.8360771057048604,0.8345550926693048
