loss,accuracy,recall,precision,f1
0.6166029765157942,83.61,0.8361000000000001,0.8400296955521759,0.8361309937376804
