loss,accuracy,recall,precision,f1
0.6312577338165538,84.21,0.8421,0.8431133842560292,0.8413492101053951
