loss,accuracy,recall,precision,f1
0.6214901194640785,84.25,0.8424999999999999,0.8432760241995657,0.8420897808058243
