loss,accuracy,recall,precision,f1
0.6387505667984106,84.62,0.8462,0.8467449506700427,0.8454279306657018
