loss,accuracy,recall,precision,f1
0.5925688275675864,84.17,0.8417000000000001,0.8421823507787849,0.8400734757893483
