loss,accuracy,recall,precision,f1
0.6355787092333387,84.46,0.8446000000000001,0.845017947736121,0.8441280681295366
