loss,accuracy,recall,precision,f1
0.6215069739112429,84.76,0.8476000000000001,0.8488246197632245,0.8472341528141338
