loss,accuracy,recall,precision,f1
0.6080837165284309,85.14,0.8513999999999999,0.8529946411938265,0.8515151354847964
