loss,accuracy,recall,precision,f1
0.6236974211635103,83.68,0.8368,0.8370145959195818,0.8353677595531879
