loss,accuracy,recall,precision,f1
0.4161507119039062,85.73,0.8573000000000001,0.8603373207507392,0.8571663588602757
