loss,accuracy,recall,precision,f1
0.4298956719743218,85.77,0.8577,0.8628033565792416,0.8558805783112413
