loss,accuracy,recall,precision,f1
0.40565402089220703,86.34,0.8634000000000001,0.8638615423615861,0.8628474446567246
