loss,accuracy,recall,precision,f1
0.4144495320358094,85.79,0.8579000000000001,0.8585446709737662,0.857256605300275
