loss,accuracy,recall,precision,f1
0.4014297913593851,86.28,0.8628,0.865343877510993,0.8634094860800714
