loss,accuracy,recall,precision,f1
0.5371028700262118,84.57,0.8456999999999999,0.8481710951726473,0.8459873547864761
