loss,accuracy,recall,precision,f1
0.5569425303085594,83.58,0.8358000000000001,0.8372660041176052,0.8355080761300743
