loss,accuracy,recall,precision,f1
0.620143393422388,84.27,0.8427,0.8427751955403131,0.8421737283498439
