loss,accuracy,recall,precision,f1
0.5803945708047052,84.58,0.8458,0.8481378263453745,0.8458580012325664
