loss,accuracy,recall,precision,f1
0.5791337392322576,84.79,0.8479000000000001,0.8484987369820527,0.8460692447611761
