loss,accuracy,recall,precision,f1
0.5267234584138651,84.81,0.8481,0.8486006608093144,0.848018366568304
