loss,accuracy,recall,precision,f1
0.6187784838828312,84.56,0.8455999999999999,0.8474265098546914,0.8459286469860686
