loss,accuracy,recall,precision,f1
0.6621976518517088,84.02,0.8402,0.8443476063970692,0.8374755151476295
