loss,accuracy,recall,precision,f1
0.646048047550165,83.79,0.8379,0.8416978263340914,0.8388095259384241
