loss,accuracy,recall,precision,f1
0.6033308150092508,84.57,0.8456999999999999,0.847963881481663,0.8456229029303088
