loss,accuracy,recall,precision,f1
0.5746485975327765,84.15,0.8414999999999999,0.8435496308330512,0.841062621615964
