loss,accuracy,recall,precision,f1
0.6282619563922002,84.95,0.8494999999999999,0.8493541769686921,0.8487617035788022
