loss,accuracy,recall,precision,f1
0.5138350866592614,85.5,0.8550000000000001,0.856005556713957,0.8545042520506984
