loss,accuracy,recall,precision,f1
0.4858196320807099,86.21,0.8620999999999999,0.8643041014753434,0.8625269132754886
