loss,accuracy,recall,precision,f1
0.5048347874811501,85.95,0.8595,0.8630855012678177,0.8585634753859992
