loss,accuracy,recall,precision,f1
0.5291414144597236,85.6,0.8560000000000001,0.8606653697598963,0.8558426229992021
