loss,accuracy,recall,precision,f1
0.3973492961495545,86.41,0.8641,0.8666071988679445,0.8644723968787495
