loss,accuracy,recall,precision,f1
0.4247428726428633,85.87,0.8587,0.8614985987836009,0.8589531702681488
