loss,accuracy,recall,precision,f1
0.38349116038364967,87.02,0.8702,0.8708445308536614,0.869866189757184
