loss,accuracy,recall,precision,f1
0.4053114645989837,86.42,0.8642,0.8667354803529046,0.8632557126320014
