loss,accuracy,recall,precision,f1
0.390934269899016,87.02,0.8702,0.8732393001485808,0.8700459450389035
