loss,accuracy,recall,precision,f1
0.381361153854686,87.17,0.8717,0.8759065166334447,0.8701677802811296
