loss,accuracy,recall,precision,f1
0.3702389345427228,87.42,0.8742000000000001,0.8766904426084429,0.8736342979477248
