loss,accuracy,recall,precision,f1
0.3901764066166179,87.07,0.8706999999999999,0.8716389771120573,0.8700822892000766
