loss,accuracy,recall,precision,f1
0.609177727228517,84.85,0.8484999999999999,0.8488827461589332,0.8473332039635991
