loss,accuracy,recall,precision,f1
0.5922768457679991,84.33,0.8432999999999999,0.8471941216877893,0.8428632825996584
