loss,accuracy,recall,precision,f1
0.5820921258941577,84.34,0.8433999999999999,0.8424090627010532,0.8420382395315755
