loss,accuracy,recall,precision,f1
0.5681810809928141,84.68,0.8468,0.8483778232260292,0.8466894838012788
