loss,accuracy,recall,precision,f1
0.48736845279575153,86.21,0.8621000000000001,0.8658462963557202,0.8624120379228298
