loss,accuracy,recall,precision,f1
0.5028185143971898,85.1,0.851,0.8546230416312118,0.8511967380444823
