loss,accuracy,recall,precision,f1
0.46562774213636,86.86,0.8686,0.8734860792419902,0.8697722767795041
