loss,accuracy,recall,precision,f1
0.5155577219215928,85.43,0.8543,0.8582581985269135,0.8542515783928948
