loss,accuracy,recall,precision,f1
0.46893363873100585,86.57,0.8657,0.8669462545883192,0.8654578578048493
