loss,accuracy,recall,precision,f1
0.41368034320652103,86.75,0.8675,0.8688173040248331,0.8664347924393265
