loss,accuracy,recall,precision,f1
0.4110199721280936,87.01,0.8701000000000001,0.8738229253622158,0.8704857631445794
