loss,accuracy,recall,precision,f1
0.4188149022828242,86.84,0.8684,0.8701217831670969,0.8682525209101492
