loss,accuracy,recall,precision,f1
0.4999724577186973,85.25,0.8525,0.8547496344880431,0.8526244896841503
