loss,accuracy,recall,precision,f1
0.5329512021723827,85.23,0.8523,0.8548302998719454,0.8521524894764546
