loss,accuracy,recall,precision,f1
0.5254863254773389,85.76,0.8576,0.8593887601210458,0.8575787860490728
