loss,accuracy,recall,precision,f1
0.5523860616858598,85.23,0.8523,0.8525151457253498,0.8515879879561338
