loss,accuracy,recall,precision,f1
0.5432998704113019,85.08,0.8508000000000001,0.8513701749783975,0.8500268563168089
