loss,accuracy,recall,precision,f1
0.645195527251359,83.96,0.8395999999999999,0.8413119488056694,0.8377026715962426
