loss,accuracy,recall,precision,f1
0.5700022906634459,84.14,0.8413999999999999,0.8429142406570195,0.84128784911659
