loss,accuracy,recall,precision,f1
0.6042547238765249,84.72,0.8472,0.8472084871009461,0.8463634155443598
