loss,accuracy,recall,precision,f1
0.620492324327967,84.59,0.8459,0.8458675741014497,0.8441064067658075
