loss,accuracy,recall,precision,f1
0.6319502605374452,83.76,0.8375999999999999,0.8406991363081155,0.8379386288140822
