loss,accuracy,recall,precision,f1
0.5767633651567113,83.87,0.8386999999999999,0.843337609596601,0.8386716805679629
