loss,accuracy,recall,precision,f1
0.6239330443037543,84.54,0.8454,0.8442449924776512,0.8439795676477659
