loss,accuracy,recall,precision,f1
0.4642280053560901,86.19,0.8619,0.8641647048488015,0.8619818484760563
