loss,accuracy,recall,precision,f1
0.4978897223711773,85.48,0.8548,0.8588189219114628,0.854232881976615
