loss,accuracy,recall,precision,f1
0.4498242940872338,85.37,0.8536999999999999,0.8557806412634665,0.8515682915781673
