loss,accuracy,recall,precision,f1
0.4091515526128043,86.67,0.8667,0.8675898027768749,0.8657588885946723
