loss,accuracy,recall,precision,f1
0.43163607245797564,86.33,0.8633000000000001,0.8641261171292258,0.8628416013348963
