loss,accuracy,recall,precision,f1
0.45980159254970066,85.39,0.8539,0.8561660881294711,0.8529135962465972
