loss,accuracy,recall,precision,f1
0.44184313752468984,86.32,0.8632,0.8644192366732456,0.8627888393336043
