loss,accuracy,recall,precision,f1
0.6162867566962151,84.14,0.8413999999999999,0.8424118944337071,0.8403615394796757
