loss,accuracy,recall,precision,f1
0.667128325837433,83.37,0.8337,0.8381275821356231,0.8344634456869322
