loss,accuracy,recall,precision,f1
0.5553594396752157,85.01,0.8501,0.8515505749931837,0.850041289891817
