loss,accuracy,recall,precision,f1
0.5661938293439568,85.31,0.8531000000000001,0.8560050374359781,0.8540314493870602
