loss,accuracy,recall,precision,f1
0.5823040970951129,84.59,0.8459,0.8465708334431117,0.8445359642293235
