loss,accuracy,recall,precision,f1
0.5792685618066484,84.65,0.8465,0.848237539446029,0.8460234027484563
