loss,accuracy,recall,precision,f1
0.5670807707556493,84.83,0.8482999999999998,0.8504042820932118,0.8475874574683804
