loss,accuracy,recall,precision,f1
0.6117716179152203,85.53,0.8553000000000001,0.8549173026399126,0.854226765735333
