loss,accuracy,recall,precision,f1
0.5589444330733293,85.16,0.8516,0.8530420529302329,0.8510386431559118
