loss,accuracy,recall,precision,f1
0.6240883699268293,84.32,0.8432000000000001,0.844769125779748,0.8419948424646655
