loss,accuracy,recall,precision,f1
0.5510120957994916,84.89,0.8488999999999999,0.8497689771366168,0.8485076400367106
