loss,accuracy,recall,precision,f1
0.5984659564153404,84.67,0.8467,0.8463987823651191,0.8456970934651213
