loss,accuracy,recall,precision,f1
0.6604617062457807,84.46,0.8446000000000001,0.8511380856211896,0.8456992358137999
