loss,accuracy,recall,precision,f1
0.5253981388868041,83.96,0.8396000000000001,0.8423430328253956,0.8395721617049136
