loss,accuracy,recall,precision,f1
0.5903387531922881,84.84,0.8484,0.8494798673302503,0.8483968055217309
