loss,accuracy,recall,precision,f1
0.6626512030507349,83.89,0.8389,0.8399578799169781,0.838061094713054
