loss,accuracy,recall,precision,f1
0.526187071944498,83.81,0.8380999999999998,0.8398592918242433,0.8373959055834792
