loss,accuracy,recall,precision,f1
0.6518217353684128,84.09,0.8409000000000001,0.8438926868800329,0.8401344809710791
