loss,accuracy,recall,precision,f1
0.6462910162984945,84.17,0.8417,0.8419134357497686,0.840806355781867
