loss,accuracy,recall,precision,f1
0.5047930627112176,83.47,0.8347,0.8441160758839912,0.8365147034639435
