loss,accuracy,recall,precision,f1
0.4396611680840231,86.58,0.8657999999999999,0.8657550338819775,0.865425924011262
