loss,accuracy,recall,precision,f1
0.43492201739435743,86.55,0.8654999999999999,0.8700536371776566,0.8659602622262075
