loss,accuracy,recall,precision,f1
0.4581631120697708,86.28,0.8628,0.8691898564546623,0.8644822417026138
