loss,accuracy,recall,precision,f1
0.4391945828298095,85.93,0.8593,0.8590869402570815,0.8585154287888
