loss,accuracy,recall,precision,f1
0.4429266985719371,86.28,0.8628,0.8651042635604584,0.8632787363430134
