loss,accuracy,recall,precision,f1
0.4446807924159773,86.26,0.8625999999999999,0.8654417383692422,0.8629483245465293
