loss,accuracy,recall,precision,f1
0.5899370759725571,84.81,0.8481,0.8487840251109102,0.8478289871218576
