loss,accuracy,recall,precision,f1
0.6686396463091966,84.05,0.8405000000000001,0.8399063313793297,0.8391912032121059
