loss,accuracy,recall,precision,f1
0.6042524326568955,84.95,0.8494999999999999,0.8496094727120032,0.8482272416682338
