loss,accuracy,recall,precision,f1
0.6304515115204891,84.13,0.8413,0.844001629685903,0.8414749817184056
