loss,accuracy,recall,precision,f1
0.6404423144212954,84.6,0.8459999999999999,0.8452625942174951,0.8443917950457083
