loss,accuracy,recall,precision,f1
0.5612771099160432,83.84,0.8384,0.8377778867794495,0.8368712395488934
