loss,accuracy,recall,precision,f1
0.6457128153674921,84.26,0.8426,0.8425742579077069,0.8408253999654154
