loss,accuracy,recall,precision,f1
0.6045612021806134,84.55,0.8455,0.8472405917761258,0.8451883464580161
