loss,accuracy,recall,precision,f1
0.5416189358112918,85.16,0.8516,0.854389564240393,0.8514985236864995
