loss,accuracy,recall,precision,f1
0.6513231741205142,83.57,0.8356999999999999,0.8450014023035382,0.8347567816552086
