loss,accuracy,recall,precision,f1
0.632528819855611,83.88,0.8388,0.8404682924840635,0.8380812045544893
