loss,accuracy,recall,precision,f1
0.6338410410721591,83.79,0.8379000000000001,0.8407566394688836,0.8376157745928257
