loss,accuracy,recall,precision,f1
0.7011848194583966,83.94,0.8394,0.8413501975125384,0.8378905633214171
