loss,accuracy,recall,precision,f1
0.641517178078366,84.42,0.8442000000000001,0.8466886146252302,0.8450716666295678
