loss,accuracy,recall,precision,f1
0.6138350811259002,84.7,0.8469999999999999,0.8474065223702238,0.8469935998753332
