loss,accuracy,recall,precision,f1
0.5922291947018569,84.4,0.844,0.8450460529479115,0.8420192928426328
