loss,accuracy,recall,precision,f1
0.6644236560270285,83.61,0.8361000000000001,0.8375687516055595,0.8340156676697402
