loss,accuracy,recall,precision,f1
0.6120793750141836,85.03,0.8503000000000001,0.8497648178272443,0.8494161129840346
