loss,accuracy,recall,precision,f1
0.660514530102918,84.0,0.8400000000000001,0.8416684271640357,0.8394192927568673
