loss,accuracy,recall,precision,f1
0.44822915391937185,84.96,0.8496,0.8582447092450843,0.8483325766278114
