loss,accuracy,recall,precision,f1
0.4076389175881246,86.11,0.8610999999999999,0.8626012049158234,0.8600385755980058
