loss,accuracy,recall,precision,f1
0.4439224705194971,84.7,0.8470000000000001,0.8508459125992125,0.8462496356991156
