loss,accuracy,recall,precision,f1
0.4167484530028264,85.92,0.8591999999999999,0.8603282931063708,0.8584007391343764
