loss,accuracy,recall,precision,f1
0.4310667887330055,85.59,0.8559000000000001,0.8593953580416681,0.8558319905541725
