loss,accuracy,recall,precision,f1
0.4312566932599256,85.68,0.8568,0.8619043518900339,0.856795941859876
