loss,accuracy,recall,precision,f1
0.6289065375829198,84.44,0.8444,0.8474350903231498,0.8450626733983313
