loss,accuracy,recall,precision,f1
0.5704077337957492,84.25,0.8425,0.8420028492265917,0.8416501358743449
