loss,accuracy,recall,precision,f1
0.6040999934931469,83.46,0.8346,0.8404573435811482,0.8361178747632115
