loss,accuracy,recall,precision,f1
0.6194357601985051,85.12,0.8512000000000001,0.8542334141450867,0.8509211025033295
