loss,accuracy,recall,precision,f1
0.6039873650119563,84.52,0.8452,0.8474550808102681,0.8450118575446203
