loss,accuracy,recall,precision,f1
0.6236430265151771,84.77,0.8477,0.8500587634159731,0.8481919542786303
