loss,accuracy,recall,precision,f1
0.5675747532183957,85.49,0.8549,0.8582200219466332,0.8549799377003948
