loss,accuracy,recall,precision,f1
0.5963928921587148,84.87,0.8487,0.8530329086901209,0.8494124873927935
