loss,accuracy,recall,precision,f1
0.5272271933069654,84.01,0.8401,0.8437239231982337,0.8403441099278064
