loss,accuracy,recall,precision,f1
0.5850863323849478,85.12,0.8512000000000001,0.8537798074942302,0.851302483785249
