loss,accuracy,recall,precision,f1
0.6697345116905346,83.72,0.8371999999999999,0.8399549336067237,0.8360826957012275
