loss,accuracy,recall,precision,f1
0.6256963153173969,84.1,0.841,0.8459767596852078,0.8415690646706327
