loss,accuracy,recall,precision,f1
0.5742976510790503,85.47,0.8547,0.8562812811646632,0.853756420846495
