loss,accuracy,recall,precision,f1
0.6015220406423708,84.64,0.8464,0.8508139191178705,0.8457073786187213
