loss,accuracy,recall,precision,f1
0.6013362290942745,84.93,0.8493,0.851800879157745,0.8490987461170342
