loss,accuracy,recall,precision,f1
0.3863853879605129,87.06,0.8705999999999999,0.8733735784199096,0.8709113242248643
