loss,accuracy,recall,precision,f1
0.409153980149585,86.4,0.8640000000000001,0.8677899654918502,0.8642285197453052
