loss,accuracy,recall,precision,f1
0.4068469767262981,86.26,0.8625999999999999,0.8650541141820464,0.863077496284237
