loss,accuracy,recall,precision,f1
0.39350064355097,87.19,0.8719000000000001,0.8740790706310644,0.8714283485684842
