loss,accuracy,recall,precision,f1
0.3721851039274483,87.61,0.8761000000000001,0.8764877780130359,0.8755446907622287
