loss,accuracy,recall,precision,f1
0.3929342598577214,86.63,0.8663000000000001,0.8675968570869065,0.8643631633734549
