loss,accuracy,recall,precision,f1
0.6353152522425742,84.62,0.8462000000000002,0.8462789324206001,0.8453072687168064
