loss,accuracy,recall,precision,f1
0.545499580301297,84.45,0.8445,0.8455672348557355,0.8440459066792332
