loss,accuracy,recall,precision,f1
0.6556535457160063,83.78,0.8378,0.839552814659459,0.8353479494244441
