loss,accuracy,recall,precision,f1
0.6176386989985302,83.82,0.8382,0.8412157280300834,0.8380071377186267
