loss,accuracy,recall,precision,f1
0.6450627950631129,83.86,0.8385999999999999,0.8388182162317305,0.8370103335871206
