loss,accuracy,recall,precision,f1
0.6385757262539712,84.22,0.8422000000000001,0.8436299415831353,0.8425319230718223
