loss,accuracy,recall,precision,f1
0.6643873234368434,84.16,0.8416,0.8415751247605074,0.8390744168089437
