loss,accuracy,recall,precision,f1
0.6515372670522541,83.77,0.8376999999999999,0.841550980404269,0.8370443445646869
