loss,accuracy,recall,precision,f1
0.4430330818056301,85.05,0.8504999999999999,0.8529094057272285,0.8507940387525142
