loss,accuracy,recall,precision,f1
0.4715065395186661,84.11,0.8411,0.8435610597370635,0.8412497289256212
