loss,accuracy,recall,precision,f1
0.4548109332277517,84.71,0.8471,0.8491182123128802,0.846717147190805
