loss,accuracy,recall,precision,f1
0.46387281563061816,84.55,0.8455,0.8505232785909282,0.8456023491775232
