loss,accuracy,recall,precision,f1
0.44814361745764497,84.73,0.8472999999999999,0.8493690473447252,0.8471735047605227
