loss,accuracy,recall,precision,f1
0.4237037126425725,85.23,0.8523,0.8530974163518303,0.8520463419730943
