loss,accuracy,recall,precision,f1
0.544173162928812,84.37,0.8437000000000001,0.8485144214415963,0.844028510243956
