loss,accuracy,recall,precision,f1
0.5874320297104538,84.06,0.8405999999999999,0.8410399444048295,0.8398916838467476
