loss,accuracy,recall,precision,f1
0.6414121183430314,83.22,0.8321999999999999,0.8365461431113206,0.8318292010531778
