loss,accuracy,recall,precision,f1
0.6706065941768088,84.36,0.8436000000000001,0.8432698231089019,0.8425401950573438
