loss,accuracy,recall,precision,f1
0.6825151445379682,83.44,0.8343999999999999,0.837964722915052,0.8349012058012931
