loss,accuracy,recall,precision,f1
0.5809229788886514,85.08,0.8507999999999999,0.8495087674989854,0.8490213380697055
