loss,accuracy,recall,precision,f1
0.5570159148258768,84.82,0.8482000000000001,0.8483406133427867,0.8474804874241106
