loss,accuracy,recall,precision,f1
0.4042209602750031,87.02,0.8702,0.8703825077678061,0.8701315473952276
