loss,accuracy,recall,precision,f1
0.41741470992565155,86.69,0.8669,0.8666781185109773,0.8660897689306285
