loss,accuracy,recall,precision,f1
0.43058329270144174,86.16,0.8615999999999999,0.8653537391529831,0.8619549572976342
