loss,accuracy,recall,precision,f1
0.4193548798845832,86.75,0.8675,0.8679056260532307,0.8658918603821556
