loss,accuracy,recall,precision,f1
0.41505787402960903,86.34,0.8634000000000001,0.8703056272111096,0.8654016353097571
