loss,accuracy,recall,precision,f1
0.6070158977037782,83.94,0.8394,0.8418005932110555,0.8389519614247757
