loss,accuracy,recall,precision,f1
0.6299195180463183,84.21,0.8421,0.8420333189436102,0.8413450222728237
