loss,accuracy,recall,precision,f1
0.5924980822642139,84.63,0.8463,0.8464132671348438,0.8448329299740772
