loss,accuracy,recall,precision,f1
0.6394231787342934,84.51,0.8451000000000001,0.8469244671657084,0.8445902948641921
