loss,accuracy,recall,precision,f1
0.645249752861679,84.54,0.8454,0.8499645407385484,0.8457668015689583
