loss,accuracy,recall,precision,f1
0.5963236722786716,85.08,0.8508000000000001,0.8522664720338341,0.850779694278455
