loss,accuracy,recall,precision,f1
0.5138510029027417,83.93,0.8393,0.8409402286664278,0.8386148361966503
