loss,accuracy,recall,precision,f1
0.5761312879384703,84.97,0.8497,0.8504084315022414,0.8494496593367389
