loss,accuracy,recall,precision,f1
0.5539294193694546,84.94,0.8493999999999999,0.8506285799263438,0.8490668371967441
