loss,accuracy,recall,precision,f1
0.5738620580571472,85.47,0.8547,0.8551225547169367,0.853996835350674
