loss,accuracy,recall,precision,f1
0.5986780630555123,83.49,0.8349,0.8391740068527037,0.8353969047306142
