loss,accuracy,recall,precision,f1
0.5733893734824126,84.68,0.8468,0.8478311647503001,0.8467762490601066
