loss,accuracy,recall,precision,f1
0.46141482794740396,86.41,0.8641,0.8675489258595303,0.865008269295871
