loss,accuracy,recall,precision,f1
0.4622770488072353,85.93,0.8593000000000002,0.8597989276804918,0.8586965522135227
