loss,accuracy,recall,precision,f1
0.4805818170214155,85.93,0.8593,0.8610882585103818,0.8585931058034934
