loss,accuracy,recall,precision,f1
0.477100709536273,85.92,0.8591999999999999,0.8608420832673593,0.8592491682380397
