loss,accuracy,recall,precision,f1
0.4857017251716298,85.69,0.8569000000000001,0.859846049319191,0.8569701109704388
