loss,accuracy,recall,precision,f1
0.490812687879535,85.67,0.8567,0.8609483190554863,0.8570870935324366
