loss,accuracy,recall,precision,f1
0.5106313396601161,85.91,0.8591000000000001,0.8594294057497711,0.858223059271576
