loss,accuracy,recall,precision,f1
0.687813244380389,84.09,0.8409000000000001,0.8439563457069905,0.8405949347790335
