loss,accuracy,recall,precision,f1
0.5718291005131545,84.65,0.8465,0.8473686596138057,0.8463980193987524
