loss,accuracy,recall,precision,f1
0.6287291786473268,84.14,0.8413999999999999,0.8460522981113018,0.8426166399283739
