loss,accuracy,recall,precision,f1
0.6073065560524631,84.64,0.8464,0.8477277950449984,0.8461347763420678
