loss,accuracy,recall,precision,f1
0.46464710378912605,86.58,0.8657999999999999,0.8658598635818805,0.8650038532113982
