loss,accuracy,recall,precision,f1
0.486175548878445,86.39,0.8638999999999999,0.8641516231502493,0.8630387947397236
