loss,accuracy,recall,precision,f1
0.49971926582467024,86.01,0.8600999999999999,0.8610303563815151,0.8596022748239948
