loss,accuracy,recall,precision,f1
0.5762830431673936,84.92,0.8492000000000001,0.8518955610082486,0.8489550100572009
