loss,accuracy,recall,precision,f1
0.5320844645522962,85.3,0.853,0.8556297536598514,0.8533708425736156
