loss,accuracy,recall,precision,f1
0.5602743999593577,85.05,0.8505,0.855280084626077,0.8506807055581309
