loss,accuracy,recall,precision,f1
0.5198326973588603,85.69,0.8568999999999999,0.8594618144187708,0.8564022653927073
