loss,accuracy,recall,precision,f1
0.4752290010642094,85.83,0.8583000000000001,0.8592693757281399,0.8579954890179167
