loss,accuracy,recall,precision,f1
0.6755059359559588,83.82,0.8382,0.8409330997614004,0.837760405590456
