loss,accuracy,recall,precision,f1
0.6137753785795467,83.64,0.8364,0.8446679026026397,0.8368125401033971
