loss,accuracy,recall,precision,f1
0.6316909459745808,83.86,0.8386000000000001,0.8405892653592991,0.8383356528374133
