loss,accuracy,recall,precision,f1
0.6110178258768313,84.21,0.8421,0.8441933910273882,0.8425331154774126
