loss,accuracy,recall,precision,f1
0.6328795150776577,84.72,0.8472,0.8490253592722776,0.8465989041796345
