loss,accuracy,recall,precision,f1
0.5881413219461016,84.14,0.8413999999999999,0.8466101864311868,0.8413372099728635
