loss,accuracy,recall,precision,f1
0.6732221578906297,84.01,0.8401,0.8405046084182901,0.838282838122482
