loss,accuracy,recall,precision,f1
0.6582711911315371,84.47,0.8446999999999999,0.8474435156795037,0.8447123279189162
