loss,accuracy,recall,precision,f1
0.6607174382657762,83.6,0.836,0.8381312183268033,0.8340434816934958
