loss,accuracy,recall,precision,f1
0.6660003555808097,83.23,0.8322999999999998,0.834146897502765,0.8318696279350565
