loss,accuracy,recall,precision,f1
0.5484239750417175,83.97,0.8397,0.8421282191948325,0.840121015865963
