loss,accuracy,recall,precision,f1
0.6779001146365123,83.89,0.8389000000000001,0.8410527799548738,0.8387316814771367
