loss,accuracy,recall,precision,f1
0.6241958019839731,84.73,0.8473,0.8475702395851954,0.8465378378791162
