loss,accuracy,recall,precision,f1
0.6276431352279748,84.66,0.8466000000000001,0.8470360188258061,0.8463237777148699
