loss,accuracy,recall,precision,f1
0.6230158519687926,84.8,0.8480000000000001,0.849552970081256,0.8477685363929094
