loss,accuracy,recall,precision,f1
0.6493058366950151,84.04,0.8404,0.8432559130504446,0.839758118137568
