loss,accuracy,recall,precision,f1
0.6220660827531936,84.45,0.8445,0.8457595318118282,0.8437964934735007
