loss,accuracy,recall,precision,f1
0.6454283596034263,84.55,0.8455,0.8467198226621754,0.8447697870301045
