loss,accuracy,recall,precision,f1
0.49805667977424184,85.77,0.8577,0.8583478377859558,0.8573676687894946
