loss,accuracy,recall,precision,f1
0.4864725280244639,85.92,0.8592000000000001,0.8607303339550363,0.8588106804070061
