loss,accuracy,recall,precision,f1
0.48256124072014145,85.51,0.8551,0.8587601281194474,0.8551336288898609
