loss,accuracy,recall,precision,f1
0.4645634438771351,85.83,0.8583000000000001,0.8598306162190408,0.8585736000929579
