loss,accuracy,recall,precision,f1
0.39557694558315215,86.7,0.867,0.8693002361273543,0.8670786546329762
