loss,accuracy,recall,precision,f1
0.3925441511117729,86.91,0.8691000000000001,0.8714933680085549,0.8691189074342098
