loss,accuracy,recall,precision,f1
0.3759349320249952,87.24,0.8724000000000001,0.8735745069264412,0.8720599923954401
