loss,accuracy,recall,precision,f1
0.3975060792865267,87.24,0.8724000000000001,0.8754711566531224,0.8710265261176424
