loss,accuracy,recall,precision,f1
0.3953951011133042,86.92,0.8692,0.8709249037191347,0.8684276498353887
