loss,accuracy,recall,precision,f1
0.3840578153349791,87.28,0.8728,0.8758046106463814,0.8732492420181014
