loss,accuracy,recall,precision,f1
0.48221132595827626,85.98,0.8598000000000001,0.8627063659297383,0.8602222755959446
