loss,accuracy,recall,precision,f1
0.5083914363080528,86.2,0.8619999999999999,0.863973911493737,0.8622004712613636
