loss,accuracy,recall,precision,f1
0.5211347406552096,85.35,0.8535,0.8603215044141693,0.8540807051993863
