loss,accuracy,recall,precision,f1
0.475285837225094,86.67,0.8667,0.8683825405150808,0.8666184009098752
