loss,accuracy,recall,precision,f1
0.4984843361719399,86.29,0.8629,0.8651460912145004,0.8629661951045164
