loss,accuracy,recall,precision,f1
0.5064414657035451,85.85,0.8584999999999999,0.8629907624434988,0.859391452033244
