loss,accuracy,recall,precision,f1
0.45825525966419534,84.11,0.8411,0.8470384523976395,0.8399035823682732
