loss,accuracy,recall,precision,f1
0.4330256582255576,85.22,0.8522000000000001,0.8563296690564461,0.8525447242985964
