loss,accuracy,recall,precision,f1
0.4398947441653841,84.73,0.8473,0.8488008738126727,0.8468549024539259
