loss,accuracy,recall,precision,f1
0.4207657226331674,85.57,0.8557,0.8576948554810979,0.8556216732881461
