loss,accuracy,recall,precision,f1
0.46299326804223334,83.83,0.8383,0.841718714778678,0.8384434930794606
