loss,accuracy,recall,precision,f1
0.44151013899760644,84.9,0.849,0.8523485593789623,0.8496249790817545
