loss,accuracy,recall,precision,f1
0.6532314608620989,83.63,0.8362999999999999,0.8412723106007179,0.8361600921081246
