loss,accuracy,recall,precision,f1
0.6414363186830169,84.11,0.8411,0.8469000085960954,0.8418109961657665
