loss,accuracy,recall,precision,f1
0.7124518233879357,83.74,0.8374,0.8385155022285368,0.8358482221127496
