loss,accuracy,recall,precision,f1
0.685976372023297,84.23,0.8423,0.8443526140049519,0.840578089330742
