loss,accuracy,recall,precision,f1
0.6125819412576166,84.33,0.8432999999999999,0.842873190688976,0.8420836757839801
