loss,accuracy,recall,precision,f1
0.5753351297158344,84.5,0.845,0.8479828176732696,0.8451485582485223
