loss,accuracy,recall,precision,f1
0.6147960966369909,84.5,0.845,0.847124590228044,0.8456582824666603
