loss,accuracy,recall,precision,f1
0.5854768905859844,85.12,0.8511999999999998,0.8530380417876493,0.8508592164886352
