loss,accuracy,recall,precision,f1
0.5998272660431588,84.44,0.8443999999999999,0.8452418212634324,0.843276412975689
