loss,accuracy,recall,precision,f1
0.5783602979722297,84.09,0.8408999999999999,0.8397998890073277,0.8392209222684093
