loss,accuracy,recall,precision,f1
0.4227174433173647,86.13,0.8613,0.8627401975155384,0.8612748964272612
