loss,accuracy,recall,precision,f1
0.43024748990869827,86.11,0.8611000000000001,0.8625869192166175,0.8613272846013558
