loss,accuracy,recall,precision,f1
0.4297817978699496,85.57,0.8557,0.8565514594166885,0.8543705903803351
