loss,accuracy,recall,precision,f1
0.4564779397978145,85.18,0.8517999999999999,0.8560389337469161,0.8515641355194526
