loss,accuracy,recall,precision,f1
0.5051009989563068,85.44,0.8543999999999998,0.8556751488327128,0.8540910852418422
