loss,accuracy,recall,precision,f1
0.5566587826818418,85.63,0.8563000000000001,0.860817013351032,0.8560568085236536
