loss,accuracy,recall,precision,f1
0.5008498075756298,86.36,0.8636000000000001,0.8643743938275547,0.8636015047187607
