loss,accuracy,recall,precision,f1
0.4851322764424002,85.94,0.8594000000000002,0.8616619763408652,0.8598885753595269
