loss,accuracy,recall,precision,f1
0.5590447955260611,84.98,0.8498000000000001,0.8519359829196274,0.8493142443570013
