loss,accuracy,recall,precision,f1
0.4503592630480505,84.55,0.8455,0.8476576723777172,0.8458165048411634
