loss,accuracy,recall,precision,f1
0.43886298453731903,84.88,0.8488,0.8532482349496867,0.8496176954462801
