loss,accuracy,recall,precision,f1
0.4481410689794334,85.08,0.8507999999999999,0.8523604818831597,0.8508682853544492
