loss,accuracy,recall,precision,f1
0.4369447788425312,85.49,0.8549000000000001,0.8598914830891328,0.8532951576958314
