loss,accuracy,recall,precision,f1
0.40521878991157384,86.55,0.8654999999999999,0.8671690636184429,0.8650770394612927
