loss,accuracy,recall,precision,f1
0.41510911447227383,86.56,0.8655999999999999,0.8695929681339422,0.8657815032648843
