loss,accuracy,recall,precision,f1
0.40499328627328207,86.66,0.8666,0.8692160020874656,0.8668472264098843
