loss,accuracy,recall,precision,f1
0.41649842537512444,86.22,0.8622,0.8618217520751003,0.8608581470730181
