loss,accuracy,recall,precision,f1
0.4047140966934763,86.39,0.8638999999999999,0.8667352403181715,0.8637981910567163
