loss,accuracy,recall,precision,f1
0.5193016222517961,85.19,0.8519,0.852584532318237,0.8508087869862241
