loss,accuracy,recall,precision,f1
0.47871755647241687,86.57,0.8657,0.86712960264205,0.8654411504564848
