loss,accuracy,recall,precision,f1
0.5087926446157656,85.62,0.8562,0.8609206113223162,0.8554099823597852
