loss,accuracy,recall,precision,f1
0.46796848534778424,85.61,0.8561,0.857224451538572,0.8558128323207062
