loss,accuracy,recall,precision,f1
0.49389343276904646,86.02,0.8602000000000001,0.8615525120336127,0.859197004976642
