loss,accuracy,recall,precision,f1
0.5519798797596792,85.61,0.8561,0.8573355282724593,0.8547768639431812
