loss,accuracy,recall,precision,f1
0.522178740543165,85.63,0.8562999999999998,0.8593130804978759,0.8567388851152945
