loss,accuracy,recall,precision,f1
0.558033801093223,85.0,0.85,0.8515030714140321,0.8487248042340758
