loss,accuracy,recall,precision,f1
0.534444271189392,85.63,0.8563000000000001,0.8554584821952611,0.8556081357368382
