loss,accuracy,recall,precision,f1
2.3026202651345806,10.0,0.14285714285714285,0.017857142857142856,0.031746031746031744
