loss,accuracy,recall,precision,f1
0.5781736845850565,84.83,0.8483,0.8506015976296896,0.8480974178215487
