loss,accuracy,recall,precision,f1
0.5939912762801358,84.29,0.8429,0.8438021249633586,0.8423255858949579
