loss,accuracy,recall,precision,f1
0.39578194095260777,86.99,0.8699,0.8706834521406636,0.869617271482727
