loss,accuracy,recall,precision,f1
0.37271835972928696,87.49,0.8749,0.8769336758339918,0.8754672861427293
