loss,accuracy,recall,precision,f1
0.41152668307731105,86.54,0.8654,0.867697290536993,0.865218508176557
