loss,accuracy,recall,precision,f1
0.4055095708389191,86.61,0.8661000000000001,0.8681307310587106,0.8655394202176027
