loss,accuracy,recall,precision,f1
0.38454525462191574,86.94,0.8694000000000001,0.8694097540638138,0.8693311453273326
