loss,accuracy,recall,precision,f1
0.39073768324533087,86.98,0.8698,0.8701856288083236,0.8693565084923842
