loss,accuracy,recall,precision,f1
0.39244177586333767,86.75,0.8675,0.866795066949454,0.8666337445825805
