loss,accuracy,recall,precision,f1
0.38954896114434406,86.98,0.8698,0.8711439175241524,0.8680807234840323
