loss,accuracy,recall,precision,f1
0.3767748998988206,87.27,0.8727,0.8757792098749573,0.8725388725132793
