loss,accuracy,recall,precision,f1
0.4085703674395373,86.93,0.8693,0.8709565887449194,0.8691277256764088
