loss,accuracy,recall,precision,f1
0.3881660574560712,86.91,0.8690999999999999,0.8725189333126361,0.8694199032333156
