loss,accuracy,recall,precision,f1
0.47110519002956946,85.42,0.8542,0.8564504866545463,0.8533338009620369
