loss,accuracy,recall,precision,f1
0.4507724453404451,86.57,0.8657,0.8659746765300188,0.86551005224673
