loss,accuracy,recall,precision,f1
0.48576320622377334,85.79,0.8579000000000001,0.8608674853438032,0.8586165692088261
