loss,accuracy,recall,precision,f1
0.5759686725154803,85.08,0.8507999999999999,0.8507827526792433,0.8496886035796652
