loss,accuracy,recall,precision,f1
0.594483654874905,85.11,0.8511000000000001,0.8515700223264553,0.8506110211917152
