loss,accuracy,recall,precision,f1
0.5425919341813227,83.65,0.8365,0.8403730183867613,0.8359699512699054
