loss,accuracy,recall,precision,f1
0.5350664017876242,83.54,0.8354000000000001,0.8375737816927229,0.8360009489978657
