loss,accuracy,recall,precision,f1
0.4812524139311663,86.05,0.8605,0.8614284911645644,0.8602854055855597
