loss,accuracy,recall,precision,f1
0.48411827064623497,85.41,0.8541000000000001,0.8548388939477297,0.8529936779213745
