loss,accuracy,recall,precision,f1
0.5066462525516559,85.84,0.8583999999999999,0.8587006393555858,0.8565944718203108
