loss,accuracy,recall,precision,f1
0.49738131919104583,85.64,0.8564,0.8589777891431878,0.8569895067838283
