loss,accuracy,recall,precision,f1
0.5365208452864058,84.87,0.8487,0.8485765282836312,0.846905072776622
