loss,accuracy,recall,precision,f1
0.47753551849134407,85.77,0.8577,0.8586536263015866,0.8573195744248385
