loss,accuracy,recall,precision,f1
0.6243599233733621,83.62,0.8362,0.8396481116073365,0.8354018991612392
