loss,accuracy,recall,precision,f1
0.5824706462348342,84.4,0.844,0.8469364098559529,0.8441107220019062
