loss,accuracy,recall,precision,f1
0.6247701839941322,84.21,0.8421,0.8420515604433565,0.8409426964165052
