loss,accuracy,recall,precision,f1
0.5748044530487364,83.58,0.8358000000000001,0.8397561995329133,0.8355206896227078
