loss,accuracy,recall,precision,f1
0.588965335469337,84.07,0.8407,0.8418500905392448,0.8383742270818051
