loss,accuracy,recall,precision,f1
0.44520411393634834,84.64,0.8463999999999998,0.8495877890372718,0.8461819543817001
