loss,accuracy,recall,precision,f1
0.4405537514360088,85.66,0.8565999999999999,0.859385374186111,0.8554233341789843
