loss,accuracy,recall,precision,f1
0.5974811217777288,84.01,0.8401,0.841244358233031,0.8395467909268286
