loss,accuracy,recall,precision,f1
0.5714510599519037,83.9,0.8390000000000001,0.839513106719691,0.8381517499763944
