loss,accuracy,recall,precision,f1
0.6606890405439267,83.42,0.8341999999999998,0.8401390038942826,0.8353129143637744
