loss,accuracy,recall,precision,f1
0.5855299017042112,84.16,0.8416,0.8473383793374871,0.8419645329529294
