loss,accuracy,recall,precision,f1
0.5275926887989044,84.81,0.8481,0.8485733805709437,0.8479880445976876
