loss,accuracy,recall,precision,f1
0.6172508769638979,84.85,0.8485000000000001,0.856125992674802,0.8504360388068759
