loss,accuracy,recall,precision,f1
0.5669896744049279,84.6,0.8460000000000001,0.8480014582948678,0.8455878763725145
