loss,accuracy,recall,precision,f1
0.6295566730628348,84.25,0.8425,0.8469195273370147,0.843317350919461
