loss,accuracy,recall,precision,f1
0.5909724444340748,85.04,0.8503999999999999,0.8530560265597857,0.8504699813667438
