loss,accuracy,recall,precision,f1
0.6339708816283828,84.63,0.8463,0.8501633749503175,0.847216023632155
