loss,accuracy,recall,precision,f1
0.6232433133064561,84.27,0.8427,0.8452199394569326,0.8420959815225133
