loss,accuracy,recall,precision,f1
0.5829729949402961,84.93,0.8492999999999998,0.85019617175904,0.8492917085044838
