loss,accuracy,recall,precision,f1
0.40375507912438385,86.55,0.8654999999999999,0.8675993563632808,0.8645102756053731
