loss,accuracy,recall,precision,f1
0.5236013115496393,85.26,0.8526,0.8537028092351064,0.8525175504711404
