loss,accuracy,recall,precision,f1
0.535504464131252,85.75,0.8574999999999999,0.8591376465250253,0.8561289319435966
