loss,accuracy,recall,precision,f1
0.5521482195539079,85.51,0.8551,0.855613784279376,0.8545589809145161
