loss,accuracy,recall,precision,f1
0.5090925602871141,85.85,0.8584999999999999,0.8588376951041271,0.8580679944277454
