loss,accuracy,recall,precision,f1
0.5499619701106078,85.08,0.8508000000000001,0.855295083452685,0.8508195883507167
